ID,Date,Date_Heisei,Integer_Heisei,Note
1,1989-01-11,平成元年01月11日,10111,
2,1989-02-11,平成元年02月11日,10211,
3,1989-02-23,平成元年02月23日,10223,
4,1989-03-01,平成元年03月01日,10301,
5,1989-03-03,平成元年03月03日,10303,
6,1989-03-13,平成元年03月13日,10313,
7,1989-03-21,平成元年03月21日,10321,
8,1989-03-31,平成元年03月31日,10331,
9,1989-04-27,平成元年04月27日,10427,
10,1989-04-29,平成元年04月29日,10429,
11,1989-05-01,平成元年05月01日,10501,
12,1989-05-13,平成元年05月13日,10513,
13,1989-05-29,平成元年05月29日,10529,
14,1989-05-31,平成元年05月31日,10531,
15,1989-06-01,平成元年06月01日,10601,
16,1989-06-07,平成元年06月07日,10607,
17,1989-06-13,平成元年06月13日,10613,
18,1989-06-27,平成元年06月27日,10627,
19,1989-07-09,平成元年07月09日,10709,
20,1989-07-11,平成元年07月11日,10711,
21,1989-07-23,平成元年07月23日,10723,
22,1989-07-29,平成元年07月29日,10729,
23,1989-08-31,平成元年08月31日,10831,
24,1989-09-03,平成元年09月03日,10903,
25,1989-09-09,平成元年09月09日,10909,
26,1989-10-03,平成元年10月03日,11003,
27,1989-10-27,平成元年10月27日,11027,
28,1989-11-13,平成元年11月13日,11113,
29,1989-11-17,平成元年11月17日,11117,同じ日付を西暦で表した19891117も素数。
30,1989-11-19,平成元年11月19日,11119,
31,1989-12-13,平成元年12月13日,11213,同じ日付を西暦で表した19891213も素数。
32,1990-01-01,平成2年01月01日,20101,
33,1990-01-07,平成2年01月07日,20107,
34,1990-01-13,平成2年01月13日,20113,
35,1990-01-17,平成2年01月17日,20117,
36,1990-01-23,平成2年01月23日,20123,同じ日付を西暦で表した19900123も素数。
37,1990-01-29,平成2年01月29日,20129,
38,1990-02-01,平成2年02月01日,20201,
39,1990-02-19,平成2年02月19日,20219,
40,1990-03-23,平成2年03月23日,20323,
41,1990-03-27,平成2年03月27日,20327,
42,1990-04-07,平成2年04月07日,20407,
43,1990-04-11,平成2年04月11日,20411,
44,1990-05-07,平成2年05月07日,20507,
45,1990-05-09,平成2年05月09日,20509,
46,1990-05-21,平成2年05月21日,20521,
47,1990-06-11,平成2年06月11日,20611,
48,1990-06-27,平成2年06月27日,20627,同じ日付を西暦で表した19900627も素数。
49,1990-07-07,平成2年07月07日,20707,
50,1990-07-17,平成2年07月17日,20717,同じ日付を西暦で表した19900717も素数。
51,1990-07-19,平成2年07月19日,20719,
52,1990-07-31,平成2年07月31日,20731,
53,1990-08-07,平成2年08月07日,20807,
54,1990-08-09,平成2年08月09日,20809,
55,1990-09-03,平成2年09月03日,20903,
56,1990-09-21,平成2年09月21日,20921,
57,1990-09-29,平成2年09月29日,20929,
58,1990-10-01,平成2年10月01日,21001,
59,1990-10-11,平成2年10月11日,21011,
60,1990-10-13,平成2年10月13日,21013,
61,1990-10-17,平成2年10月17日,21017,
62,1990-10-19,平成2年10月19日,21019,
63,1990-10-23,平成2年10月23日,21023,
64,1990-10-31,平成2年10月31日,21031,
65,1990-11-01,平成2年11月01日,21101,
66,1990-11-07,平成2年11月07日,21107,同じ日付を西暦で表した19901107も素数。
67,1990-11-21,平成2年11月21日,21121,
68,1990-12-11,平成2年12月11日,21211,
69,1990-12-21,平成2年12月21日,21221,
70,1990-12-27,平成2年12月27日,21227,
71,1991-01-03,平成3年01月03日,30103,
72,1991-01-09,平成3年01月09日,30109,
73,1991-01-13,平成3年01月13日,30113,同じ日付を西暦で表した19910113も素数。
74,1991-01-19,平成3年01月19日,30119,
75,1991-02-03,平成3年02月03日,30203,
76,1991-02-11,平成3年02月11日,30211,
77,1991-02-23,平成3年02月23日,30223,
78,1991-03-07,平成3年03月07日,30307,
79,1991-03-13,平成3年03月13日,30313,
80,1991-03-19,平成3年03月19日,30319,
81,1991-03-23,平成3年03月23日,30323,
82,1991-04-03,平成3年04月03日,30403,
83,1991-04-27,平成3年04月27日,30427,
84,1991-05-09,平成3年05月09日,30509,同じ日付を西暦で表した19910509も素数。
85,1991-05-17,平成3年05月17日,30517,
86,1991-05-29,平成3年05月29日,30529,
87,1991-07-03,平成3年07月03日,30703,
88,1991-07-07,平成3年07月07日,30707,
89,1991-07-13,平成3年07月13日,30713,
90,1991-07-27,平成3年07月27日,30727,
91,1991-08-03,平成3年08月03日,30803,
92,1991-08-09,平成3年08月09日,30809,同じ日付を西暦で表した19910809も素数。
93,1991-08-17,平成3年08月17日,30817,
94,1991-08-29,平成3年08月29日,30829,
95,1991-09-11,平成3年09月11日,30911,
96,1991-10-13,平成3年10月13日,31013,
97,1991-10-19,平成3年10月19日,31019,
98,1991-11-21,平成3年11月21日,31121,同じ日付を西暦で表した19911121も素数。
99,1991-11-23,平成3年11月23日,31123,
100,1991-12-19,平成3年12月19日,31219,
101,1991-12-23,平成3年12月23日,31223,同じ日付を西暦で表した19911223も素数。
102,1991-12-31,平成3年12月31日,31231,
103,1992-01-11,平成4年01月11日,40111,
104,1992-01-23,平成4年01月23日,40123,
105,1992-01-27,平成4年01月27日,40127,
106,1992-01-29,平成4年01月29日,40129,
107,1992-02-13,平成4年02月13日,40213,
108,1992-04-23,平成4年04月23日,40423,
109,1992-04-27,平成4年04月27日,40427,同じ日付を西暦で表した19920427も素数。
110,1992-04-29,平成4年04月29日,40429,
111,1992-05-07,平成4年05月07日,40507,
112,1992-05-19,平成4年05月19日,40519,
113,1992-05-29,平成4年05月29日,40529,同じ日付を西暦で表した19920529も素数。
114,1992-05-31,平成4年05月31日,40531,
115,1992-06-09,平成4年06月09日,40609,
116,1992-06-27,平成4年06月27日,40627,
117,1992-07-09,平成4年07月09日,40709,
118,1992-08-01,平成4年08月01日,40801,
119,1992-08-13,平成4年08月13日,40813,
120,1992-08-19,平成4年08月19日,40819,
121,1992-08-23,平成4年08月23日,40823,
122,1992-08-29,平成4年08月29日,40829,
123,1992-09-03,平成4年09月03日,40903,
124,1992-09-27,平成4年09月27日,40927,
125,1992-10-11,平成4年10月11日,41011,
126,1992-10-17,平成4年10月17日,41017,
127,1992-10-23,平成4年10月23日,41023,
128,1992-11-13,平成4年11月13日,41113,
129,1992-11-17,平成4年11月17日,41117,
130,1992-12-01,平成4年12月01日,41201,同じ日付を西暦で表した19921201も素数。
131,1992-12-03,平成4年12月03日,41203,
132,1992-12-13,平成4年12月13日,41213,
133,1992-12-21,平成4年12月21日,41221,
134,1992-12-27,平成4年12月27日,41227,
135,1992-12-31,平成4年12月31日,41231,
136,1993-01-01,平成5年01月01日,50101,
137,1993-01-11,平成5年01月11日,50111,同じ日付を西暦で表した19930111も素数。
138,1993-01-19,平成5年01月19日,50119,
139,1993-01-23,平成5年01月23日,50123,
140,1993-01-29,平成5年01月29日,50129,同じ日付を西暦で表した19930129も素数。
141,1993-01-31,平成5年01月31日,50131,
142,1993-02-07,平成5年02月07日,50207,
143,1993-02-21,平成5年02月21日,50221,
144,1993-02-27,平成5年02月27日,50227,
145,1993-03-11,平成5年03月11日,50311,
146,1993-03-21,平成5年03月21日,50321,
147,1993-03-29,平成5年03月29日,50329,
148,1993-04-11,平成5年04月11日,50411,
149,1993-04-17,平成5年04月17日,50417,
150,1993-04-23,平成5年04月23日,50423,
151,1993-05-03,平成5年05月03日,50503,
152,1993-05-13,平成5年05月13日,50513,
153,1993-05-27,平成5年05月27日,50527,
154,1993-06-27,平成5年06月27日,50627,
155,1993-07-07,平成5年07月07日,50707,
156,1993-07-23,平成5年07月23日,50723,
157,1993-08-21,平成5年08月21日,50821,
158,1993-09-09,平成5年09月09日,50909,
159,1993-09-23,平成5年09月23日,50923,
160,1993-09-29,平成5年09月29日,50929,
161,1993-10-01,平成5年10月01日,51001,
162,1993-10-31,平成5年10月31日,51031,
163,1993-11-09,平成5年11月09日,51109,
164,1993-12-03,平成5年12月03日,51203,
165,1993-12-17,平成5年12月17日,51217,
166,1993-12-29,平成5年12月29日,51229,
167,1994-01-01,平成6年01月01日,60101,
168,1994-01-03,平成6年01月03日,60103,
169,1994-01-07,平成6年01月07日,60107,
170,1994-01-27,平成6年01月27日,60127,
171,1994-02-09,平成6年02月09日,60209,
172,1994-02-17,平成6年02月17日,60217,
173,1994-02-23,平成6年02月23日,60223,
174,1994-03-17,平成6年03月17日,60317,
175,1994-03-31,平成6年03月31日,60331,
176,1994-04-13,平成6年04月13日,60413,
177,1994-04-27,平成6年04月27日,60427,
178,1994-05-09,平成6年05月09日,60509,
179,1994-05-21,平成6年05月21日,60521,
180,1994-05-27,平成6年05月27日,60527,
181,1994-06-01,平成6年06月01日,60601,
182,1994-06-07,平成6年06月07日,60607,
183,1994-06-11,平成6年06月11日,60611,同じ日付を西暦で表した19940611も素数。
184,1994-06-17,平成6年06月17日,60617,
185,1994-06-23,平成6年06月23日,60623,
186,1994-07-03,平成6年07月03日,60703,
187,1994-07-19,平成6年07月19日,60719,
188,1994-07-27,平成6年07月27日,60727,
189,1994-08-11,平成6年08月11日,60811,
190,1994-08-21,平成6年08月21日,60821,同じ日付を西暦で表した19940821も素数。
191,1994-09-01,平成6年09月01日,60901,
192,1994-09-13,平成6年09月13日,60913,
193,1994-09-17,平成6年09月17日,60917,
194,1994-09-19,平成6年09月19日,60919,
195,1994-09-23,平成6年09月23日,60923,
196,1994-10-01,平成6年10月01日,61001,同じ日付を西暦で表した19941001も素数。
197,1994-10-07,平成6年10月07日,61007,同じ日付を西暦で表した19941007も素数。
198,1994-10-27,平成6年10月27日,61027,
199,1994-10-31,平成6年10月31日,61031,
200,1994-11-21,平成6年11月21日,61121,
201,1994-11-29,平成6年11月29日,61129,
202,1994-12-11,平成6年12月11日,61211,
203,1994-12-23,平成6年12月23日,61223,
204,1994-12-31,平成6年12月31日,61231,
205,1995-01-11,平成7年01月11日,70111,
206,1995-01-17,平成7年01月17日,70117,
207,1995-01-21,平成7年01月21日,70121,
208,1995-01-23,平成7年01月23日,70123,
209,1995-02-01,平成7年02月01日,70201,
210,1995-02-07,平成7年02月07日,70207,
211,1995-02-23,平成7年02月23日,70223,
212,1995-03-09,平成7年03月09日,70309,
213,1995-03-13,平成7年03月13日,70313,
214,1995-03-21,平成7年03月21日,70321,
215,1995-03-27,平成7年03月27日,70327,
216,1995-04-23,平成7年04月23日,70423,
217,1995-04-29,平成7年04月29日,70429,
218,1995-05-01,平成7年05月01日,70501,
219,1995-05-07,平成7年05月07日,70507,
220,1995-05-29,平成7年05月29日,70529,
221,1995-06-07,平成7年06月07日,70607,
222,1995-06-19,平成7年06月19日,70619,
223,1995-06-21,平成7年06月21日,70621,
224,1995-06-27,平成7年06月27日,70627,
225,1995-07-09,平成7年07月09日,70709,
226,1995-07-17,平成7年07月17日,70717,
227,1995-07-29,平成7年07月29日,70729,
228,1995-08-23,平成7年08月23日,70823,
229,1995-09-01,平成7年09月01日,70901,同じ日付を西暦で表した19950901も素数。
230,1995-09-13,平成7年09月13日,70913,
231,1995-09-19,平成7年09月19日,70919,同じ日付を西暦で表した19950919も素数。
232,1995-09-21,平成7年09月21日,70921,
233,1995-10-11,平成7年10月11日,71011,
234,1995-10-23,平成7年10月23日,71023,
235,1995-11-19,平成7年11月19日,71119,
236,1995-11-29,平成7年11月29日,71129,
237,1995-12-09,平成7年12月09日,71209,
238,1996-01-07,平成8年01月07日,80107,
239,1996-01-11,平成8年01月11日,80111,
240,1996-02-07,平成8年02月07日,80207,
241,1996-02-09,平成8年02月09日,80209,
242,1996-02-21,平成8年02月21日,80221,
243,1996-03-09,平成8年03月09日,80309,同じ日付を西暦で表した19960309も素数。
244,1996-03-17,平成8年03月17日,80317,
245,1996-03-29,平成8年03月29日,80329,
246,1996-04-07,平成8年04月07日,80407,
247,1996-04-29,平成8年04月29日,80429,同じ日付を西暦で表した19960429も素数。
248,1996-05-13,平成8年05月13日,80513,同じ日付を西暦で表した19960513も素数。
249,1996-05-27,平成8年05月27日,80527,
250,1996-06-03,平成8年06月03日,80603,
251,1996-06-11,平成8年06月11日,80611,
252,1996-06-21,平成8年06月21日,80621,
253,1996-06-27,平成8年06月27日,80627,同じ日付を西暦で表した19960627も素数。
254,1996-06-29,平成8年06月29日,80629,
255,1996-07-01,平成8年07月01日,80701,
256,1996-07-13,平成8年07月13日,80713,
257,1996-08-03,平成8年08月03日,80803,
258,1996-08-09,平成8年08月09日,80809,
259,1996-08-19,平成8年08月19日,80819,同じ日付を西暦で表した19960819も素数。
260,1996-08-31,平成8年08月31日,80831,
261,1996-09-09,平成8年09月09日,80909,同じ日付を西暦で表した19960909も素数。
262,1996-09-11,平成8年09月11日,80911,
263,1996-09-17,平成8年09月17日,80917,
264,1996-09-23,平成8年09月23日,80923,
265,1996-09-29,平成8年09月29日,80929,
266,1996-10-01,平成8年10月01日,81001,
267,1996-10-13,平成8年10月13日,81013,
268,1996-10-17,平成8年10月17日,81017,同じ日付を西暦で表した19961017も素数。
269,1996-10-19,平成8年10月19日,81019,
270,1996-10-23,平成8年10月23日,81023,同じ日付を西暦で表した19961023も素数。
271,1996-10-31,平成8年10月31日,81031,
272,1996-11-01,平成8年11月01日,81101,同じ日付を西暦で表した19961101も素数。
273,1996-11-19,平成8年11月19日,81119,
274,1996-12-03,平成8年12月03日,81203,同じ日付を西暦で表した19961203も素数。
275,1996-12-23,平成8年12月23日,81223,
276,1997-01-07,平成9年01月07日,90107,
277,1997-01-21,平成9年01月21日,90121,
278,1997-01-27,平成9年01月27日,90127,
279,1997-02-03,平成9年02月03日,90203,
280,1997-02-17,平成9年02月17日,90217,
281,1997-02-27,平成9年02月27日,90227,同じ日付を西暦で表した19970227も素数。
282,1997-03-13,平成9年03月13日,90313,
283,1997-04-01,平成9年04月01日,90401,
284,1997-04-03,平成9年04月03日,90403,
285,1997-04-07,平成9年04月07日,90407,同じ日付を西暦で表した19970407も素数。
286,1997-05-11,平成9年05月11日,90511,
287,1997-05-23,平成9年05月23日,90523,
288,1997-05-27,平成9年05月27日,90527,同じ日付を西暦で表した19970527も素数。
289,1997-05-29,平成9年05月29日,90529,
290,1997-06-17,平成9年06月17日,90617,
291,1997-06-19,平成9年06月19日,90619,
292,1997-07-03,平成9年07月03日,90703,
293,1997-07-09,平成9年07月09日,90709,
294,1997-07-31,平成9年07月31日,90731,
295,1997-08-03,平成9年08月03日,90803,
296,1997-08-21,平成9年08月21日,90821,
297,1997-08-23,平成9年08月23日,90823,
298,1997-09-01,平成9年09月01日,90901,
299,1997-09-07,平成9年09月07日,90907,
300,1997-09-11,平成9年09月11日,90911,
301,1997-09-17,平成9年09月17日,90917,
302,1997-10-09,平成9年10月09日,91009,
303,1997-10-19,平成9年10月19日,91019,同じ日付を西暦で表した19971019も素数。
304,1997-11-21,平成9年11月21日,91121,
305,1997-11-27,平成9年11月27日,91127,
306,1997-11-29,平成9年11月29日,91129,
307,1997-12-29,平成9年12月29日,91229,
308,1998-01-03,平成10年01月03日,100103,
309,1998-01-09,平成10年01月09日,100109,
310,1998-01-29,平成10年01月29日,100129,
311,1998-02-07,平成10年02月07日,100207,
312,1998-02-13,平成10年02月13日,100213,
313,1998-03-13,平成10年03月13日,100313,
314,1998-04-03,平成10年04月03日,100403,同じ日付を西暦で表した19980403も素数。
315,1998-04-11,平成10年04月11日,100411,
316,1998-04-17,平成10年04月17日,100417,
317,1998-05-01,平成10年05月01日,100501,
318,1998-05-11,平成10年05月11日,100511,同じ日付を西暦で表した19980511も素数。
319,1998-05-17,平成10年05月17日,100517,
320,1998-05-19,平成10年05月19日,100519,
321,1998-05-23,平成10年05月23日,100523,
322,1998-06-09,平成10年06月09日,100609,
323,1998-06-13,平成10年06月13日,100613,
324,1998-06-21,平成10年06月21日,100621,
325,1998-07-03,平成10年07月03日,100703,
326,1998-08-01,平成10年08月01日,100801,
327,1998-08-11,平成10年08月11日,100811,同じ日付を西暦で表した19980811も素数。
328,1998-08-23,平成10年08月23日,100823,同じ日付を西暦で表した19980823も素数。
329,1998-08-29,平成10年08月29日,100829,
330,1998-09-07,平成10年09月07日,100907,同じ日付を西暦で表した19980907も素数。
331,1998-09-13,平成10年09月13日,100913,
332,1998-09-27,平成10年09月27日,100927,
333,1998-10-09,平成10年10月09日,101009,
334,1998-10-21,平成10年10月21日,101021,同じ日付を西暦で表した19981021も素数。
335,1998-10-27,平成10年10月27日,101027,
336,1998-11-07,平成10年11月07日,101107,
337,1998-11-11,平成10年11月11日,101111,
338,1998-11-13,平成10年11月13日,101113,
339,1998-11-17,平成10年11月17日,101117,
340,1998-11-19,平成10年11月19日,101119,
341,1998-12-03,平成10年12月03日,101203,
342,1998-12-07,平成10年12月07日,101207,同じ日付を西暦で表した19981207も素数。
343,1998-12-09,平成10年12月09日,101209,
344,1998-12-21,平成10年12月21日,101221,
345,1999-01-19,平成11年01月19日,110119,
346,1999-01-29,平成11年01月29日,110129,同じ日付を西暦で表した19990129も素数。
347,1999-02-21,平成11年02月21日,110221,
348,1999-03-11,平成11年03月11日,110311,
349,1999-03-21,平成11年03月21日,110321,
350,1999-03-23,平成11年03月23日,110323,
351,1999-04-19,平成11年04月19日,110419,
352,1999-05-01,平成11年05月01日,110501,同じ日付を西暦で表した19990501も素数。
353,1999-05-03,平成11年05月03日,110503,
354,1999-05-27,平成11年05月27日,110527,
355,1999-06-03,平成11年06月03日,110603,
356,1999-06-09,平成11年06月09日,110609,同じ日付を西暦で表した19990609も素数。
357,1999-06-23,平成11年06月23日,110623,
358,1999-06-29,平成11年06月29日,110629,
359,1999-07-11,平成11年07月11日,110711,
360,1999-07-29,平成11年07月29日,110729,
361,1999-07-31,平成11年07月31日,110731,
362,1999-08-07,平成11年08月07日,110807,
363,1999-08-13,平成11年08月13日,110813,
364,1999-08-19,平成11年08月19日,110819,
365,1999-08-21,平成11年08月21日,110821,
366,1999-09-09,平成11年09月09日,110909,
367,1999-09-17,平成11年09月17日,110917,
368,1999-09-21,平成11年09月21日,110921,
369,1999-09-23,平成11年09月23日,110923,
370,1999-09-27,平成11年09月27日,110927,
371,1999-10-29,平成11年10月29日,111029,
372,1999-10-31,平成11年10月31日,111031,
373,1999-11-03,平成11年11月03日,111103,
374,1999-11-09,平成11年11月09日,111109,
375,1999-11-19,平成11年11月19日,111119,
376,1999-11-21,平成11年11月21日,111121,
377,1999-11-27,平成11年11月27日,111127,
378,1999-12-11,平成11年12月11日,111211,
379,1999-12-17,平成11年12月17日,111217,
380,1999-12-27,平成11年12月27日,111227,同じ日付を西暦で表した19991227も素数。
381,1999-12-29,平成11年12月29日,111229,
382,2000-01-03,平成12年01月03日,120103,
383,2000-01-21,平成12年01月21日,120121,
384,2000-02-09,平成12年02月09日,120209,
385,2000-02-23,平成12年02月23日,120223,
386,2000-03-19,平成12年03月19日,120319,
387,2000-03-31,平成12年03月31日,120331,
388,2000-04-01,平成12年04月01日,120401,
389,2000-04-13,平成12年04月13日,120413,
390,2000-04-27,平成12年04月27日,120427,
391,2000-05-03,平成12年05月03日,120503,同じ日付を西暦で表した20000503も素数。
392,2000-05-11,平成12年05月11日,120511,
393,2000-06-07,平成12年06月07日,120607,
394,2000-06-19,平成12年06月19日,120619,
395,2000-06-23,平成12年06月23日,120623,同じ日付を西暦で表した20000623も素数。
396,2000-07-09,平成12年07月09日,120709,
397,2000-07-13,平成12年07月13日,120713,同じ日付を西暦で表した20000713も素数。
398,2000-07-21,平成12年07月21日,120721,
399,2000-08-11,平成12年08月11日,120811,
400,2000-08-17,平成12年08月17日,120817,
401,2000-08-23,平成12年08月23日,120823,
402,2000-08-29,平成12年08月29日,120829,
403,2000-09-07,平成12年09月07日,120907,
404,2000-09-17,平成12年09月17日,120917,同じ日付を西暦で表した20000917も素数。
405,2000-09-19,平成12年09月19日,120919,
406,2000-09-29,平成12年09月29日,120929,
407,2000-10-01,平成12年10月01日,121001,同じ日付を西暦で表した20001001も素数。
408,2000-10-07,平成12年10月07日,121007,
409,2000-10-13,平成12年10月13日,121013,
410,2000-10-19,平成12年10月19日,121019,同じ日付を西暦で表した20001019も素数。
411,2000-10-21,平成12年10月21日,121021,
412,2000-11-23,平成12年11月23日,121123,
413,2000-12-29,平成12年12月29日,121229,
414,2001-01-21,平成13年01月21日,130121,
415,2001-01-27,平成13年01月27日,130127,同じ日付を西暦で表した20010127も素数。
416,2001-02-01,平成13年02月01日,130201,
417,2001-02-11,平成13年02月11日,130211,
418,2001-02-23,平成13年02月23日,130223,同じ日付を西暦で表した20010223も素数。
419,2001-03-03,平成13年03月03日,130303,
420,2001-03-07,平成13年03月07日,130307,同じ日付を西暦で表した20010307も素数。
421,2001-04-09,平成13年04月09日,130409,同じ日付を西暦で表した20010409も素数。
422,2001-04-11,平成13年04月11日,130411,
423,2001-04-23,平成13年04月23日,130423,
424,2001-05-13,平成13年05月13日,130513,
425,2001-05-17,平成13年05月17日,130517,同じ日付を西暦で表した20010517も素数。
426,2001-05-23,平成13年05月23日,130523,
427,2001-05-31,平成13年05月31日,130531,
428,2001-06-19,平成13年06月19日,130619,
429,2001-06-21,平成13年06月21日,130621,
430,2001-07-29,平成13年07月29日,130729,
431,2001-08-07,平成13年08月07日,130807,
432,2001-08-11,平成13年08月11日,130811,同じ日付を西暦で表した20010811も素数。
433,2001-08-17,平成13年08月17日,130817,
434,2001-08-29,平成13年08月29日,130829,
435,2001-09-27,平成13年09月27日,130927,
436,2001-10-09,平成13年10月09日,131009,
437,2001-10-11,平成13年10月11日,131011,
438,2001-10-23,平成13年10月23日,131023,
439,2001-11-01,平成13年11月01日,131101,
440,2001-11-11,平成13年11月11日,131111,
441,2001-11-13,平成13年11月13日,131113,
442,2001-11-29,平成13年11月29日,131129,
443,2001-12-03,平成13年12月03日,131203,
444,2001-12-13,平成13年12月13日,131213,
445,2001-12-21,平成13年12月21日,131221,
446,2001-12-31,平成13年12月31日,131231,
447,2002-01-11,平成14年01月11日,140111,
448,2002-01-23,平成14年01月23日,140123,
449,2002-02-07,平成14年02月07日,140207,同じ日付を西暦で表した20020207も素数。
450,2002-02-21,平成14年02月21日,140221,
451,2002-02-27,平成14年02月27日,140227,
452,2002-03-17,平成14年03月17日,140317,
453,2002-03-21,平成14年03月21日,140321,
454,2002-04-01,平成14年04月01日,140401,
455,2002-04-07,平成14年04月07日,140407,
456,2002-04-11,平成14年04月11日,140411,
457,2002-04-17,平成14年04月17日,140417,
458,2002-04-19,平成14年04月19日,140419,
459,2002-04-23,平成14年04月23日,140423,
460,2002-05-21,平成14年05月21日,140521,
461,2002-05-27,平成14年05月27日,140527,
462,2002-06-03,平成14年06月03日,140603,
463,2002-06-11,平成14年06月11日,140611,
464,2002-06-17,平成14年06月17日,140617,
465,2002-06-27,平成14年06月27日,140627,
466,2002-06-29,平成14年06月29日,140629,
467,2002-07-17,平成14年07月17日,140717,
468,2002-07-29,平成14年07月29日,140729,
469,2002-07-31,平成14年07月31日,140731,
470,2002-08-13,平成14年08月13日,140813,
471,2002-08-27,平成14年08月27日,140827,
472,2002-08-31,平成14年08月31日,140831,
473,2002-09-09,平成14年09月09日,140909,
474,2002-09-29,平成14年09月29日,140929,
475,2002-10-23,平成14年10月23日,141023,
476,2002-11-01,平成14年11月01日,141101,
477,2002-11-07,平成14年11月07日,141107,
478,2002-11-21,平成14年11月21日,141121,
479,2002-12-09,平成14年12月09日,141209,
480,2002-12-21,平成14年12月21日,141221,
481,2002-12-23,平成14年12月23日,141223,
482,2003-01-07,平成15年01月07日,150107,同じ日付を西暦で表した20030107も素数。
483,2003-01-31,平成15年01月31日,150131,
484,2003-02-03,平成15年02月03日,150203,同じ日付を西暦で表した20030203も素数。
485,2003-02-09,平成15年02月09日,150209,
486,2003-02-11,平成15年02月11日,150211,
487,2003-02-17,平成15年02月17日,150217,
488,2003-02-21,平成15年02月21日,150221,
489,2003-02-23,平成15年02月23日,150223,
490,2003-03-01,平成15年03月01日,150301,
491,2003-03-23,平成15年03月23日,150323,
492,2003-03-29,平成15年03月29日,150329,
493,2003-04-01,平成15年04月01日,150401,
494,2003-04-07,平成15年04月07日,150407,同じ日付を西暦で表した20030407も素数。
495,2003-04-13,平成15年04月13日,150413,
496,2003-04-27,平成15年04月27日,150427,
497,2003-05-03,平成15年05月03日,150503,
498,2003-05-17,平成15年05月17日,150517,
499,2003-05-23,平成15年05月23日,150523,
500,2003-06-07,平成15年06月07日,150607,
501,2003-06-11,平成15年06月11日,150611,
502,2003-06-17,平成15年06月17日,150617,
503,2003-07-07,平成15年07月07日,150707,
504,2003-07-21,平成15年07月21日,150721,
505,2003-08-27,平成15年08月27日,150827,
506,2003-09-01,平成15年09月01日,150901,
507,2003-09-07,平成15年09月07日,150907,
508,2003-09-19,平成15年09月19日,150919,
509,2003-09-29,平成15年09月29日,150929,
510,2003-10-07,平成15年10月07日,151007,
511,2003-10-09,平成15年10月09日,151009,
512,2003-10-13,平成15年10月13日,151013,
513,2003-10-27,平成15年10月27日,151027,
514,2003-11-21,平成15年11月21日,151121,
515,2003-12-01,平成15年12月01日,151201,
516,2003-12-13,平成15年12月13日,151213,
517,2004-01-17,平成16年01月17日,160117,
518,2004-02-01,平成16年02月01日,160201,
519,2004-02-07,平成16年02月07日,160207,
520,2004-02-17,平成16年02月17日,160217,
521,2004-03-09,平成16年03月09日,160309,
522,2004-03-13,平成16年03月13日,160313,同じ日付を西暦で表した20040313も素数。
523,2004-03-19,平成16年03月19日,160319,
524,2004-04-03,平成16年04月03日,160403,同じ日付を西暦で表した20040403も素数。
525,2004-04-09,平成16年04月09日,160409,同じ日付を西暦で表した20040409も素数。
526,2004-04-23,平成16年04月23日,160423,
527,2004-05-07,平成16年05月07日,160507,
528,2004-06-03,平成16年06月03日,160603,
529,2004-06-19,平成16年06月19日,160619,同じ日付を西暦で表した20040619も素数。
530,2004-06-21,平成16年06月21日,160621,
531,2004-06-27,平成16年06月27日,160627,
532,2004-07-09,平成16年07月09日,160709,
533,2004-07-11,平成16年07月11日,160711,
534,2004-07-23,平成16年07月23日,160723,
535,2004-08-07,平成16年08月07日,160807,
536,2004-08-13,平成16年08月13日,160813,
537,2004-08-17,平成16年08月17日,160817,同じ日付を西暦で表した20040817も素数。
538,2004-08-29,平成16年08月29日,160829,同じ日付を西暦で表した20040829も素数。
539,2004-09-03,平成16年09月03日,160903,
540,2004-09-07,平成16年09月07日,160907,
541,2004-10-09,平成16年10月09日,161009,
542,2004-10-17,平成16年10月17日,161017,
543,2004-11-23,平成16年11月23日,161123,
544,2004-12-01,平成16年12月01日,161201,
545,2004-12-21,平成16年12月21日,161221,
546,2005-01-01,平成17年01月01日,170101,
547,2005-01-11,平成17年01月11日,170111,
548,2005-01-23,平成17年01月23日,170123,
549,2005-02-07,平成17年02月07日,170207,同じ日付を西暦で表した20050207も素数。
550,2005-02-13,平成17年02月13日,170213,同じ日付を西暦で表した20050213も素数。
551,2005-02-27,平成17年02月27日,170227,
552,2005-03-27,平成17年03月27日,170327,
553,2005-04-13,平成17年04月13日,170413,
554,2005-05-03,平成17年05月03日,170503,
555,2005-05-09,平成17年05月09日,170509,
556,2005-06-03,平成17年06月03日,170603,同じ日付を西暦で表した20050603も素数。
557,2005-06-09,平成17年06月09日,170609,同じ日付を西暦で表した20050609も素数。
558,2005-06-27,平成17年06月27日,170627,
559,2005-07-01,平成17年07月01日,170701,
560,2005-07-07,平成17年07月07日,170707,
561,2005-07-11,平成17年07月11日,170711,同じ日付を西暦で表した20050711も素数。
562,2005-08-01,平成17年08月01日,170801,
563,2005-08-09,平成17年08月09日,170809,
564,2005-08-13,平成17年08月13日,170813,同じ日付を西暦で表した20050813も素数。
565,2005-08-27,平成17年08月27日,170827,
566,2005-09-21,平成17年09月21日,170921,
567,2005-09-27,平成17年09月27日,170927,
568,2005-10-07,平成17年10月07日,171007,
569,2005-10-23,平成17年10月23日,171023,
570,2005-10-29,平成17年10月29日,171029,
571,2005-11-03,平成17年11月03日,171103,
572,2005-12-03,平成17年12月03日,171203,
573,2006-02-11,平成18年02月11日,180211,
574,2006-02-21,平成18年02月21日,180221,
575,2006-03-07,平成18年03月07日,180307,
576,2006-03-11,平成18年03月11日,180311,
577,2006-03-17,平成18年03月17日,180317,
578,2006-03-31,平成18年03月31日,180331,
579,2006-04-13,平成18年04月13日,180413,
580,2006-04-19,平成18年04月19日,180419,同じ日付を西暦で表した20060419も素数。
581,2006-05-03,平成18年05月03日,180503,
582,2006-05-11,平成18年05月11日,180511,
583,2006-06-17,平成18年06月17日,180617,
584,2006-06-23,平成18年06月23日,180623,
585,2006-06-29,平成18年06月29日,180629,
586,2006-07-01,平成18年07月01日,180701,
587,2006-07-31,平成18年07月31日,180731,
588,2006-08-11,平成18年08月11日,180811,
589,2006-09-07,平成18年09月07日,180907,
590,2006-10-01,平成18年10月01日,181001,
591,2006-10-03,平成18年10月03日,181003,
592,2006-10-19,平成18年10月19日,181019,
593,2006-10-31,平成18年10月31日,181031,
594,2006-11-23,平成18年11月23日,181123,
595,2006-12-01,平成18年12月01日,181201,
596,2006-12-11,平成18年12月11日,181211,
597,2006-12-13,平成18年12月13日,181213,
598,2006-12-19,平成18年12月19日,181219,
599,2007-01-21,平成19年01月21日,190121,
600,2007-01-29,平成19年01月29日,190129,
601,2007-02-07,平成19年02月07日,190207,
602,2007-03-01,平成19年03月01日,190301,
603,2007-03-13,平成19年03月13日,190313,
604,2007-03-21,平成19年03月21日,190321,
605,2007-03-31,平成19年03月31日,190331,
606,2007-04-03,平成19年04月03日,190403,
607,2007-04-09,平成19年04月09日,190409,
608,2007-05-07,平成19年05月07日,190507,
609,2007-05-23,平成19年05月23日,190523,
610,2007-05-29,平成19年05月29日,190529,同じ日付を西暦で表した20070529も素数。
611,2007-06-07,平成19年06月07日,190607,
612,2007-06-13,平成19年06月13日,190613,
613,2007-07-09,平成19年07月09日,190709,
614,2007-07-11,平成19年07月11日,190711,
615,2007-07-17,平成19年07月17日,190717,
616,2007-08-07,平成19年08月07日,190807,
617,2007-08-11,平成19年08月11日,190811,
618,2007-08-23,平成19年08月23日,190823,同じ日付を西暦で表した20070823も素数。
619,2007-08-29,平成19年08月29日,190829,
620,2007-09-01,平成19年09月01日,190901,同じ日付を西暦で表した20070901も素数。
621,2007-09-09,平成19年09月09日,190909,
622,2007-09-13,平成19年09月13日,190913,同じ日付を西暦で表した20070913も素数。
623,2007-09-21,平成19年09月21日,190921,
624,2007-10-21,平成19年10月21日,191021,
625,2007-10-27,平成19年10月27日,191027,同じ日付を西暦で表した20071027も素数。
626,2007-11-19,平成19年11月19日,191119,
627,2007-11-23,平成19年11月23日,191123,
628,2007-12-27,平成19年12月27日,191227,
629,2007-12-31,平成19年12月31日,191231,
630,2008-01-17,平成20年01月17日,200117,同じ日付を西暦で表した20080117も素数。
631,2008-01-31,平成20年01月31日,200131,
632,2008-02-01,平成20年02月01日,200201,
633,2008-02-27,平成20年02月27日,200227,
634,2008-03-23,平成20年03月23日,200323,
635,2008-03-29,平成20年03月29日,200329,
636,2008-04-01,平成20年04月01日,200401,
637,2008-04-07,平成20年04月07日,200407,
638,2008-05-13,平成20年05月13日,200513,同じ日付を西暦で表した20080513も素数。
639,2008-06-09,平成20年06月09日,200609,
640,2008-07-13,平成20年07月13日,200713,
641,2008-07-23,平成20年07月23日,200723,
642,2008-07-31,平成20年07月31日,200731,
643,2008-08-07,平成20年08月07日,200807,
644,2008-09-03,平成20年09月03日,200903,
645,2008-09-09,平成20年09月09日,200909,
646,2008-09-27,平成20年09月27日,200927,
647,2008-09-29,平成20年09月29日,200929,
648,2008-10-07,平成20年10月07日,201007,
649,2008-10-11,平成20年10月11日,201011,
650,2008-10-31,平成20年10月31日,201031,
651,2008-11-01,平成20年11月01日,201101,
652,2008-11-07,平成20年11月07日,201107,同じ日付を西暦で表した20081107も素数。
653,2008-11-19,平成20年11月19日,201119,
654,2008-11-21,平成20年11月21日,201121,
655,2008-12-03,平成20年12月03日,201203,同じ日付を西暦で表した20081203も素数。
656,2008-12-09,平成20年12月09日,201209,
657,2008-12-11,平成20年12月11日,201211,
658,2009-01-01,平成21年01月01日,210101,
659,2009-01-09,平成21年01月09日,210109,
660,2009-01-13,平成21年01月13日,210113,
661,2009-01-27,平成21年01月27日,210127,
662,2009-01-31,平成21年01月31日,210131,
663,2009-02-09,平成21年02月09日,210209,
664,2009-03-17,平成21年03月17日,210317,
665,2009-03-19,平成21年03月19日,210319,
666,2009-03-23,平成21年03月23日,210323,
667,2009-04-01,平成21年04月01日,210401,同じ日付を西暦で表した20090401も素数。
668,2009-04-03,平成21年04月03日,210403,
669,2009-04-07,平成21年04月07日,210407,同じ日付を西暦で表した20090407も素数。
670,2009-04-21,平成21年04月21日,210421,
671,2009-05-23,平成21年05月23日,210523,
672,2009-05-27,平成21年05月27日,210527,同じ日付を西暦で表した20090527も素数。
673,2009-06-01,平成21年06月01日,210601,
674,2009-06-19,平成21年06月19日,210619,
675,2009-07-09,平成21年07月09日,210709,
676,2009-07-13,平成21年07月13日,210713,
677,2009-07-19,平成21年07月19日,210719,
678,2009-07-31,平成21年07月31日,210731,
679,2009-08-03,平成21年08月03日,210803,
680,2009-08-09,平成21年08月09日,210809,
681,2009-08-11,平成21年08月11日,210811,
682,2009-08-23,平成21年08月23日,210823,
683,2009-08-27,平成21年08月27日,210827,同じ日付を西暦で表した20090827も素数。
684,2009-09-01,平成21年09月01日,210901,
685,2009-09-07,平成21年09月07日,210907,
686,2009-09-11,平成21年09月11日,210911,
687,2009-09-13,平成21年09月13日,210913,
688,2009-09-23,平成21年09月23日,210923,
689,2009-09-29,平成21年09月29日,210929,
690,2009-10-07,平成21年10月07日,211007,
691,2009-11-29,平成21年11月29日,211129,
692,2009-12-13,平成21年12月13日,211213,
693,2009-12-17,平成21年12月17日,211217,
694,2009-12-19,平成21年12月19日,211219,
695,2009-12-29,平成21年12月29日,211229,
696,2009-12-31,平成21年12月31日,211231,
697,2010-01-23,平成22年01月23日,220123,
698,2010-02-17,平成22年02月17日,220217,同じ日付を西暦で表した20100217も素数。
699,2010-03-01,平成22年03月01日,220301,
700,2010-03-07,平成22年03月07日,220307,
701,2010-03-27,平成22年03月27日,220327,
702,2010-04-03,平成22年04月03日,220403,同じ日付を西暦で表した20100403も素数。
703,2010-04-11,平成22年04月11日,220411,
704,2010-04-21,平成22年04月21日,220421,
705,2010-05-11,平成22年05月11日,220511,
706,2010-05-13,平成22年05月13日,220513,
707,2010-05-29,平成22年05月29日,220529,同じ日付を西暦で表した20100529も素数。
708,2010-06-13,平成22年06月13日,220613,
709,2010-07-09,平成22年07月09日,220709,同じ日付を西暦で表した20100709も素数。
710,2010-07-21,平成22年07月21日,220721,同じ日付を西暦で表した20100721も素数。
711,2010-08-07,平成22年08月07日,220807,
712,2010-08-11,平成22年08月11日,220811,同じ日付を西暦で表した20100811も素数。
713,2010-09-01,平成22年09月01日,220901,
714,2010-09-03,平成22年09月03日,220903,
715,2010-09-07,平成22年09月07日,220907,同じ日付を西暦で表した20100907も素数。
716,2010-09-19,平成22年09月19日,220919,
717,2010-10-21,平成22年10月21日,221021,
718,2010-11-01,平成22年11月01日,221101,
719,2010-12-01,平成22年12月01日,221201,同じ日付を西暦で表した20101201も素数。
720,2010-12-03,平成22年12月03日,221203,
721,2010-12-09,平成22年12月09日,221209,
722,2010-12-19,平成22年12月19日,221219,同じ日付を西暦で表した20101219も素数。
723,2010-12-27,平成22年12月27日,221227,
724,2011-01-01,平成23年01月01日,230101,
725,2011-01-07,平成23年01月07日,230107,
726,2011-01-17,平成23年01月17日,230117,
727,2011-01-23,平成23年01月23日,230123,
728,2011-02-03,平成23年02月03日,230203,
729,2011-02-13,平成23年02月13日,230213,
730,2011-02-21,平成23年02月21日,230221,
731,2011-02-27,平成23年02月27日,230227,
732,2011-03-03,平成23年03月03日,230303,
733,2011-03-09,平成23年03月09日,230309,
734,2011-03-11,平成23年03月11日,230311,
735,2011-03-27,平成23年03月27日,230327,
736,2011-05-01,平成23年05月01日,230501,
737,2011-05-07,平成23年05月07日,230507,
738,2011-06-11,平成23年06月11日,230611,
739,2011-07-19,平成23年07月19日,230719,
740,2011-07-29,平成23年07月29日,230729,
741,2011-08-07,平成23年08月07日,230807,同じ日付を西暦で表した20110807も素数。
742,2011-08-19,平成23年08月19日,230819,同じ日付を西暦で表した20110819も素数。
743,2011-08-27,平成23年08月27日,230827,
744,2011-09-29,平成23年09月29日,230929,
745,2011-10-01,平成23年10月01日,231001,
746,2011-10-17,平成23年10月17日,231017,
747,2011-10-19,平成23年10月19日,231019,
748,2011-10-31,平成23年10月31日,231031,
749,2011-11-07,平成23年11月07日,231107,
750,2011-11-09,平成23年11月09日,231109,
751,2011-12-23,平成23年12月23日,231223,
752,2012-01-01,平成24年01月01日,240101,
753,2012-01-09,平成24年01月09日,240109,
754,2012-01-13,平成24年01月13日,240113,
755,2012-01-31,平成24年01月31日,240131,
756,2012-02-03,平成24年02月03日,240203,同じ日付を西暦で表した20120203も素数。
757,2012-02-09,平成24年02月09日,240209,
758,2012-03-19,平成24年03月19日,240319,
759,2012-04-21,平成24年04月21日,240421,
760,2012-05-03,平成24年05月03日,240503,
761,2012-05-09,平成24年05月09日,240509,同じ日付を西暦で表した20120509も素数。
762,2012-05-17,平成24年05月17日,240517,
763,2012-06-07,平成24年06月07日,240607,
764,2012-06-23,平成24年06月23日,240623,同じ日付を西暦で表した20120623も素数。
765,2012-07-01,平成24年07月01日,240701,
766,2012-07-07,平成24年07月07日,240707,
767,2012-07-19,平成24年07月19日,240719,同じ日付を西暦で表した20120719も素数。
768,2012-07-27,平成24年07月27日,240727,
769,2012-08-11,平成24年08月11日,240811,
770,2012-08-29,平成24年08月29日,240829,
771,2012-09-13,平成24年09月13日,240913,
772,2012-10-13,平成24年10月13日,241013,
773,2012-10-27,平成24年10月27日,241027,
774,2012-11-17,平成24年11月17日,241117,
775,2012-11-27,平成24年11月27日,241127,
776,2012-12-07,平成24年12月07日,241207,
777,2012-12-29,平成24年12月29日,241229,
778,2013-01-09,平成25年01月09日,250109,
779,2013-01-23,平成25年01月23日,250123,
780,2013-03-01,平成25年03月01日,250301,
781,2013-03-07,平成25年03月07日,250307,
782,2013-04-03,平成25年04月03日,250403,同じ日付を西暦で表した20130403も素数。
783,2013-04-09,平成25年04月09日,250409,
784,2013-04-23,平成25年04月23日,250423,
785,2013-05-01,平成25年05月01日,250501,
786,2013-06-19,平成25年06月19日,250619,
787,2013-07-03,平成25年07月03日,250703,
788,2013-07-09,平成25年07月09日,250709,
789,2013-07-21,平成25年07月21日,250721,
790,2013-07-27,平成25年07月27日,250727,
791,2013-08-07,平成25年08月07日,250807,
792,2013-08-13,平成25年08月13日,250813,
793,2013-08-29,平成25年08月29日,250829,同じ日付を西暦で表した20130829も素数。
794,2013-09-19,平成25年09月19日,250919,
795,2013-10-03,平成25年10月03日,251003,
796,2013-11-17,平成25年11月17日,251117,同じ日付を西暦で表した20131117も素数。
797,2013-12-01,平成25年12月01日,251201,
798,2013-12-03,平成25年12月03日,251203,
799,2013-12-19,平成25年12月19日,251219,
800,2013-12-21,平成25年12月21日,251221,
801,2013-12-31,平成25年12月31日,251231,
802,2014-01-11,平成26年01月11日,260111,
803,2014-02-01,平成26年02月01日,260201,同じ日付を西暦で表した20140201も素数。
804,2014-02-07,平成26年02月07日,260207,
805,2014-02-09,平成26年02月09日,260209,
806,2014-02-13,平成26年02月13日,260213,同じ日付を西暦で表した20140213も素数。
807,2014-03-17,平成26年03月17日,260317,
808,2014-03-29,平成26年03月29日,260329,
809,2014-04-11,平成26年04月11日,260411,同じ日付を西暦で表した20140411も素数。
810,2014-04-13,平成26年04月13日,260413,
811,2014-04-17,平成26年04月17日,260417,
812,2014-04-19,平成26年04月19日,260419,
813,2014-05-27,平成26年05月27日,260527,
814,2014-06-09,平成26年06月09日,260609,同じ日付を西暦で表した20140609も素数。
815,2014-06-29,平成26年06月29日,260629,
816,2014-07-13,平成26年07月13日,260713,
817,2014-07-17,平成26年07月17日,260717,
818,2014-07-23,平成26年07月23日,260723,
819,2014-08-07,平成26年08月07日,260807,同じ日付を西暦で表した20140807も素数。
820,2014-08-09,平成26年08月09日,260809,
821,2014-09-21,平成26年09月21日,260921,
822,2014-10-11,平成26年10月11日,261011,
823,2014-10-13,平成26年10月13日,261013,
824,2014-10-17,平成26年10月17日,261017,
825,2014-10-31,平成26年10月31日,261031,
826,2014-11-01,平成26年11月01日,261101,同じ日付を西暦で表した20141101も素数。
827,2014-11-27,平成26年11月27日,261127,
828,2014-12-23,平成26年12月23日,261223,
829,2014-12-29,平成26年12月29日,261229,
830,2015-01-21,平成27年01月21日,270121,
831,2015-01-31,平成27年01月31日,270131,同じ日付を西暦で表した20150131も素数。
832,2015-02-09,平成27年02月09日,270209,
833,2015-02-17,平成27年02月17日,270217,
834,2015-02-23,平成27年02月23日,270223,
835,2015-03-07,平成27年03月07日,270307,
836,2015-03-11,平成27年03月11日,270311,
837,2015-03-23,平成27年03月23日,270323,
838,2015-03-29,平成27年03月29日,270329,
839,2015-04-07,平成27年04月07日,270407,
840,2015-04-21,平成27年04月21日,270421,
841,2015-05-09,平成27年05月09日,270509,
842,2015-05-27,平成27年05月27日,270527,
843,2015-06-01,平成27年06月01日,270601,
844,2015-06-19,平成27年06月19日,270619,
845,2015-07-01,平成27年07月01日,270701,
846,2015-07-09,平成27年07月09日,270709,
847,2015-07-19,平成27年07月19日,270719,
848,2015-08-21,平成27年08月21日,270821,同じ日付を西暦で表した20150821も素数。
849,2015-09-13,平成27年09月13日,270913,
850,2015-09-23,平成27年09月23日,270923,
851,2015-10-03,平成27年10月03日,271003,
852,2015-10-13,平成27年10月13日,271013,
853,2015-10-21,平成27年10月21日,271021,
854,2015-10-27,平成27年10月27日,271027,
855,2015-11-09,平成27年11月09日,271109,
856,2015-11-27,平成27年11月27日,271127,同じ日付を西暦で表した20151127も素数。
857,2015-11-29,平成27年11月29日,271129,
858,2015-12-11,平成27年12月11日,271211,
859,2015-12-17,平成27年12月17日,271217,
860,2015-12-31,平成27年12月31日,271231,
861,2016-01-03,平成28年01月03日,280103,
862,2016-01-21,平成28年01月21日,280121,
863,2016-01-29,平成28年01月29日,280129,
864,2016-02-07,平成28年02月07日,280207,
865,2016-02-19,平成28年02月19日,280219,
866,2016-02-23,平成28年02月23日,280223,
867,2016-02-29,平成28年02月29日,280229,
868,2016-03-03,平成28年03月03日,280303,
869,2016-03-21,平成28年03月21日,280321,
870,2016-03-27,平成28年03月27日,280327,
871,2016-04-09,平成28年04月09日,280409,
872,2016-04-11,平成28年04月11日,280411,
873,2016-05-07,平成28年05月07日,280507,
874,2016-05-13,平成28年05月13日,280513,
875,2016-06-03,平成28年06月03日,280603,
876,2016-06-07,平成28年06月07日,280607,同じ日付を西暦で表した20160607も素数。
877,2016-06-13,平成28年06月13日,280613,
878,2016-06-27,平成28年06月27日,280627,
879,2016-07-03,平成28年07月03日,280703,
880,2016-07-11,平成28年07月11日,280711,
881,2016-07-17,平成28年07月17日,280717,
882,2016-07-29,平成28年07月29日,280729,
883,2016-08-11,平成28年08月11日,280811,
884,2016-08-17,平成28年08月17日,280817,同じ日付を西暦で表した20160817も素数。
885,2016-09-09,平成28年09月09日,280909,
886,2016-09-13,平成28年09月13日,280913,
887,2016-09-21,平成28年09月21日,280921,
888,2016-09-27,平成28年09月27日,280927,
889,2016-10-23,平成28年10月23日,281023,
890,2016-11-17,平成28年11月17日,281117,
891,2016-12-07,平成28年12月07日,281207,
892,2016-12-27,平成28年12月27日,281227,
893,2017-01-07,平成29年01月07日,290107,
894,2017-01-13,平成29年01月13日,290113,
895,2017-01-19,平成29年01月19日,290119,
896,2017-02-01,平成29年02月01日,290201,
897,2017-02-09,平成29年02月09日,290209,
898,2017-02-19,平成29年02月19日,290219,同じ日付を西暦で表した20170219も素数。
899,2017-03-17,平成29年03月17日,290317,
900,2017-03-27,平成29年03月27日,290327,
901,2017-04-19,平成29年04月19日,290419,
902,2017-04-29,平成29年04月29日,290429,
903,2017-05-09,平成29年05月09日,290509,
904,2017-05-27,平成29年05月27日,290527,
905,2017-05-31,平成29年05月31日,290531,
906,2017-06-11,平成29年06月11日,290611,
907,2017-06-17,平成29年06月17日,290617,
908,2017-06-21,平成29年06月21日,290621,
909,2017-06-23,平成29年06月23日,290623,
910,2017-06-27,平成29年06月27日,290627,同じ日付を西暦で表した20170627も素数。
911,2017-07-01,平成29年07月01日,290701,
912,2017-07-07,平成29年07月07日,290707,
913,2017-07-11,平成29年07月11日,290711,
914,2017-08-03,平成29年08月03日,290803,
915,2017-08-21,平成29年08月21日,290821,
916,2017-08-27,平成29年08月27日,290827,
917,2017-09-23,平成29年09月23日,290923,
918,2017-10-07,平成29年10月07日,291007,
919,2017-10-13,平成29年10月13日,291013,
920,2017-11-01,平成29年11月01日,291101,同じ日付を西暦で表した20171101も素数。
921,2017-11-03,平成29年11月03日,291103,
922,2017-11-07,平成29年11月07日,291107,
923,2017-11-13,平成29年11月13日,291113,
924,2017-12-09,平成29年12月09日,291209,
925,2017-12-17,平成29年12月17日,291217,
926,2018-01-09,平成30年01月09日,300109,
927,2018-01-19,平成30年01月19日,300119,
928,2018-02-21,平成30年02月21日,300221,同じ日付を西暦で表した20180221も素数。
929,2018-03-01,平成30年03月01日,300301,
930,2018-03-17,平成30年03月17日,300317,
931,2018-03-19,平成30年03月19日,300319,
932,2018-03-23,平成30年03月23日,300323,
933,2018-03-31,平成30年03月31日,300331,
934,2018-04-13,平成30年04月13日,300413,
935,2018-04-27,平成30年04月27日,300427,
936,2018-05-11,平成30年05月11日,300511,
937,2018-06-23,平成30年06月23日,300623,
938,2018-07-19,平成30年07月19日,300719,
939,2018-07-21,平成30年07月21日,300721,
940,2018-08-09,平成30年08月09日,300809,
941,2018-08-21,平成30年08月21日,300821,
942,2018-08-23,平成30年08月23日,300823,
943,2018-09-29,平成30年09月29日,300929,
944,2018-10-13,平成30年10月13日,301013,
945,2018-10-27,平成30年10月27日,301027,
946,2018-11-23,平成30年11月23日,301123,
947,2018-11-27,平成30年11月27日,301127,
948,2018-12-11,平成30年12月11日,301211,
949,2018-12-19,平成30年12月19日,301219,
950,2019-01-11,平成31年01月11日,310111,
951,2019-01-17,平成31年01月17日,310117,
952,2019-01-27,平成31年01月27日,310127,
953,2019-01-29,平成31年01月29日,310129,
954,2019-02-23,平成31年02月23日,310223,
955,2019-03-13,平成31年03月13日,310313,
956,2019-04-23,平成31年04月23日,310423,
